ContactSeq,ContactID,Contact,FirstName,LastName,AccountSeq,Job Title,Street,City,State or Province,Postal Code,Country,Latitude,Longitude,Phone
1000,95b19680-1946-4655-b19d-fa68cc4a491d,Jacqueline Penella,Jacqueline,Penella,1047,Pharmacist,87841 Sloan Way,Tucson,AZ,85715,United States,32.2519,-110.82,520-970-5533
1001,48985a27-bc10-4308-8cc0-18da73854fc4,Clo Brixey,Clo,Brixey,1023,Senior Editor,8 Coleman Point,Sioux Falls,SD,57198,United States,43.6746,-96.7913,605-344-1216
1002,8363f7b4-976d-4104-9848-acf10dde13f8,Yuma Arnaudi,Yuma,Arnaudi,1056,Tax Accountant,95 Melvin Pass,Boise,ID,83711,United States,43.4599,-116.244,208-934-3938
1003,fe2e4c46-bae4-49aa-a3ad-6488f7162948,Garfield Priel,Garfield,Priel,1026,Web Designer I,11620 Menomonie Court,Dayton,OH,45408,United States,39.7395,-84.229,937-390-4115
1004,1917c86d-0ec4-4d2e-b89c-754f0f67a4e0,Goldy Yoselevitch,Goldy,Yoselevitch,1055,Assistant Media Planner,626 Hauk Road,Carol Stream,IL,60158,United States,41.9166,-88.1208,309-830-8827
1005,809813f9-12db-42c9-80bf-64655459147b,Sidney Dowbekin,Sidney,Dowbekin,1065,Environmental Specialist,3 Helena Center,Jackson,TN,38308,United States,35.6124,-88.8412,731-198-0089
1006,2d283a50-ceae-4bc2-99fc-ac48ca31e57c,Starlene Ealles,Starlene,Ealles,1019,Environmental Tech,73788 Farwell Point,Saint Louis,MO,63150,United States,38.6531,-90.2435,314-476-8028
1007,1637da94-8b61-49d9-9169-b21964c8db1d,Daniela Leman,Daniela,Leman,1043,Data Coordiator,09155 Golf Street,Harrisburg,PA,17140,United States,40.3086,-76.8464,717-940-8580
1008,44c5c452-a10f-466c-ba3e-3c33750bf5b2,Gwynne Sulley,Gwynne,Sulley,1125,Nurse Practicioner,6 Oak Valley Alley,New York City,NY,10275,United States,40.7808,-73.9772,212-301-9813
1009,f7f36caf-ed74-402f-80d6-e9c42cde62f0,Jamaal Zisneros,Jamaal,Zisneros,1085,Administrative Officer,29 Emmet Avenue,Baton Rouge,LA,70820,United States,30.3795,-91.1671,225-247-5919
1010,deb0ea98-7248-4320-b0a0-5c2dff74abec,Hilton Lean,Hilton,Lean,1061,Nurse Practicioner,77717 Bellgrove Park,Sterling,VA,20167,United States,39.0853,-77.6452,571-469-2445
1011,533c3ad6-72bd-404b-82c9-faa44f295a21,Elianora Holdren,Elianora,Holdren,1123,Assistant Media Planner,60 Northridge Pass,Gainesville,FL,32605,United States,29.6785,-82.3679,352-860-3364
1012,c4be5c2c-8669-48bb-942c-8316c01b52ff,Adela Riolfi,Adela,Riolfi,1111,Human Resources Assistant I,96 Stephen Place,Birmingham,AL,35220,United States,33.5446,-86.9292,205-944-3828
1013,757a6e3c-55fd-42c2-952b-849c81d083f6,Davin Jarred,Davin,Jarred,1048,Sales Representative,9 Loeprich Crossing,Columbus,OH,43231,United States,40.081,-82.9383,614-290-7291
1014,029545ad-96fa-41c1-a464-5c84f34a9401,Annelise Bidgod,Annelise,Bidgod,1048,Sales Associate,8869 Larry Trail,Vancouver,WA,98664,United States,45.6231,-122.5767,360-234-5851
1015,8e7171a0-e8b3-44e3-bc95-e073c1bb681a,Mead Alyoshin,Mead,Alyoshin,1064,Financial Analyst,6 Sherman Pass,Savannah,GA,31422,United States,31.9714,-81.0716,912-878-2900
1016,f7ad46f5-84b7-4337-b209-dfb1c5d7d72c,Kitti Synder,Kitti,Synder,1124,Civil Engineer,966 Mendota Trail,Sioux Falls,SD,57105,United States,43.524,-96.7341,605-509-4848
1017,6ef64a7a-b867-4f0e-b13b-f335edaa904d,Lenee Lambotin,Lenee,Lambotin,1034,Pharmacist,4 Muir Circle,New York City,NY,10125,United States,40.7808,-73.9772,212-509-5271
1018,5af920c9-257a-4c78-90b1-0fc50e11cca6,Aimil Stovine,Aimil,Stovine,1073,Occupational Therapist,07 Glacier Hill Court,Savannah,GA,31410,United States,32.0175,-80.997,912-246-1288
1019,82459d32-fdb1-4d9f-a509-77a12e3b5f0f,Danell Chaikovski,Danell,Chaikovski,1125,Legal Assistant,72 Oneill Terrace,Jacksonville,FL,32236,United States,30.3449,-81.6831,904-929-8052
1020,2cd182d2-54d2-46e0-a789-00b0eecc48a7,Prudy Redmile,Prudy,Redmile,1092,Account Coordinator,84 Blackbird Hill,Lexington,KY,40546,United States,38.0283,-84.4715,859-656-9139
1021,98e17224-c72f-449d-bb61-d1b3be1eaa86,Aldo Line,Aldo,Line,1054,Research Associate,7415 Briar Crest Junction,Pasadena,CA,91186,United States,33.7866,-118.2987,626-180-1605
1022,948e6c2c-89bf-45bb-8ab3-266ca7c7c54d,Xerxes Abramcik,Xerxes,Abramcik,1088,Programmer Analyst III,7879 Glendale Crossing,San Francisco,CA,94159,United States,37.7848,-122.7278,415-430-9262
1023,8dfb8a10-703d-49b7-9339-6091b97dfd83,Lizzie Milbourne,Lizzie,Milbourne,1099,Electrical Engineer,1 Shasta Lane,Billings,MT,59105,United States,45.9497,-108.599,406-753-5071
1024,f672eca3-54df-43b2-97d2-fe9366adf255,Valentin Colby,Valentin,Colby,1123,Physical Therapy Assistant,683 Ronald Regan Trail,Carlsbad,CA,92013,United States,33.0169,-116.846,760-356-7981
1025,70518c0d-0b4a-4191-9d0b-000cddc34726,Ariella Spilsted,Ariella,Spilsted,1047,VP Accounting,1 Knutson Crossing,Santa Fe,NM,87505,United States,35.6219,-105.8688,505-531-2880
1026,14969c66-206b-4966-a28d-22fdd5ea471d,Filberto Eyers,Filberto,Eyers,1071,Professor,5 Katie Place,Boca Raton,FL,33499,United States,26.6459,-80.4303,561-833-3686
1027,b003cd12-7320-4615-94af-2d4666c00471,Odilia Halvosen,Odilia,Halvosen,1118,Senior Quality Engineer,112 Morrow Trail,Sacramento,CA,94245,United States,38.3774,-121.4444,916-257-0048
1028,59584717-efba-461b-936c-9ba2109655d8,Mickie Minister,Mickie,Minister,1101,Food Chemist,00931 Blaine Point,Tampa,FL,33620,United States,28.06,-82.4079,813-786-8053
1029,37ef509f-0d7f-4d45-b5a3-fe01810a5590,Paolina Duke,Paolina,Duke,1042,Assistant Media Planner,361 Mcbride Drive,Jamaica,NY,11499,United States,40.6514,-73.8708,212-860-7060
1030,4b3feff8-09dc-4766-96a3-863255c58d75,Nicolais Pusey,Nicolais,Pusey,1127,Compensation Analyst,28 Hanover Pass,New York City,NY,10009,United States,40.7262,-73.9796,917-129-9903
1031,e9b83904-a93e-42d0-b0ec-1548df3bcca3,Gilberta Srutton,Gilberta,Srutton,1058,Senior Quality Engineer,1163 Miller Alley,Oakland,CA,94627,United States,37.6802,-121.9215,510-923-5088
1032,1f8cfca0-c945-4c24-850b-5cbdde218c52,Tate Leuchars,Tate,Leuchars,1076,Account Coordinator,4217 Red Cloud Trail,Akron,OH,44315,United States,41.028,-81.4632,330-825-9345
1033,53446c8a-622e-46e3-bdf7-e8a534e29d20,Hayward Lightbourne,Hayward,Lightbourne,1088,Tax Accountant,9590 Loomis Place,Bronx,NY,10469,United States,40.8702,-73.8495,718-617-6650
1034,ec3152c3-5c75-44e7-b650-f49172b2c618,Nelia Alberti,Nelia,Alberti,1107,Business Systems Development Analyst,79 Jenna Plaza,Fargo,ND,58122,United States,46.9346,-97.2297,701-411-4775
1035,6c348af2-ce5f-425c-8207-bbdf3aac2a2c,Natividad Aiton,Natividad,Aiton,1047,Financial Analyst,36 Westport Street,Amarillo,TX,79105,United States,35.4015,-101.8951,806-106-8322
1036,f3186121-cf15-4d07-a7d6-1fc222fc3cdb,Ronalda Harbar,Ronalda,Harbar,1102,Business Systems Development Analyst,17 Dawn Street,Dayton,OH,45440,United States,39.6749,-84.1136,937-944-9980
1037,c513e319-5b20-4eb4-b3de-7eb21b0b6e3c,Korry Bims,Korry,Bims,1027,Analyst Programmer,12716 Bultman Park,Minneapolis,MN,55412,United States,45.0242,-93.302,651-439-0997
1038,fbd77648-0978-420d-b7f1-557bb0ddb05a,Ariel Bote,Ariel,Bote,1015,Recruiting Manager,41559 Katie Trail,San Francisco,CA,94177,United States,37.7848,-122.7278,415-608-8127
1039,addf89c1-19fa-4044-a5d3-f4fb2a1e5ac0,Vergil Broy,Vergil,Broy,1016,Social Worker,22145 Oxford Hill,Charlotte,NC,28230,United States,35.26,-80.8042,704-666-2414
1040,e8b7e756-07b4-44b2-b0fe-625a90591b0f,Robby Macquire,Robby,Macquire,1124,VP Quality Control,1 Independence Terrace,Pensacola,FL,32575,United States,30.6143,-87.2758,850-247-0326
1041,f8faeddf-a968-4167-893e-07247a4a2a1d,Shirley Kayne,Shirley,Kayne,1126,Marketing Manager,86269 Moland Road,Metairie,LA,70005,United States,30.0005,-90.1331,504-845-7799
1042,6fdfc3e1-22c3-47fe-b802-e9f18c7f2575,Hunter Klehyn,Hunter,Klehyn,1094,Geologist III,8 Lukken Drive,Houston,TX,77045,United States,29.6297,-95.4382,713-935-8348
1043,c1fa1319-3d05-404a-b25d-018af013e4b8,Dana Khomishin,Dana,Khomishin,1018,Senior Financial Analyst,25646 Butterfield Junction,San Bernardino,CA,92415,United States,34.84,-115.9671,909-741-0462
1044,c918dd74-48c0-4ff3-9995-f622952be0f1,Forrest Ebbett,Forrest,Ebbett,1086,Actuary,4 Golf Pass,Bonita Springs,FL,34135,United States,26.3771,-81.7334,941-949-1376
1045,0b3aca4a-94be-4953-a0a8-e6fc1005aeb8,Heidie Sannes,Heidie,Sannes,1104,Human Resources Manager,8999 Pearson Road,Sacramento,CA,94273,United States,38.3774,-121.4444,916-924-4089
1046,2f8eaba4-fea5-4dd1-a1e6-60c7d9edc188,Marta Goley,Marta,Goley,1100,Geological Engineer,68 Roxbury Street,Jersey City,NJ,7305,United States,40.702,-74.089,201-515-2498
1047,e63f5082-f1aa-4dcf-9a2f-52a4562dcced,Nixie Allder,Nixie,Allder,1001,Account Representative IV,364 Warner Road,Fresno,CA,93704,United States,36.7991,-119.8016,559-488-1946
1048,c07e40af-3d22-43cb-88ba-21477972b948,Tomas Tookill,Tomas,Tookill,1111,Technical Writer,24 Namekagon Avenue,Philadelphia,PA,19184,United States,40.0018,-75.1179,215-150-8761
1049,3e09acfb-853f-4826-ba7c-b975380803a3,Hubie Jambrozek,Hubie,Jambrozek,1122,Community Outreach Specialist,88 Westridge Circle,Chicago,IL,60686,United States,41.8756,-87.6378,312-927-2414
1050,76a5c666-6e0a-4935-8c8b-090ebbdb066c,Britta Paddefield,Britta,Paddefield,1062,Chief Design Engineer,8882 Kings Crossing,New York City,NY,10155,United States,40.7611,-73.968,917-180-5283
1051,d7ade4bd-fd6a-4f7b-9c3e-85d986c57a32,Lois Chellenham,Lois,Chellenham,1131,Environmental Tech,6121 Springs Court,Louisville,KY,40256,United States,38.189,-85.6768,502-599-5739
1052,1a9a7ab2-8a72-4450-8a6c-a3d1f7a58de0,Trish Gradley,Trish,Gradley,1023,Account Representative III,2503 Northport Alley,Sioux City,IA,51105,United States,42.5032,-96.3829,712-145-5324
1053,0032738c-7ea4-4fef-a33a-fd023ec02883,Carroll Poluzzi,Carroll,Poluzzi,1068,Information Systems Manager,12299 Kropf Park,Carol Stream,IL,60351,United States,41.9166,-88.1208,309-608-8346
1054,18e85e63-8de3-4fef-ab3f-f0ac91fdb14f,Pepita Knevett,Pepita,Knevett,1144,Technical Writer,6 Knutson Terrace,El Paso,TX,88541,United States,31.6948,-106.3,915-492-3553
1055,540b22cb-7238-4e22-8ed7-a9058b620de9,Teriann Renad,Teriann,Renad,1076,Computer Systems Analyst IV,5433 Surrey Avenue,Saint Louis,MO,63121,United States,38.7072,-90.3055,314-208-1796
1056,edf67e74-46c0-4a4b-815c-793fa11f3ad4,Jocelyn Dragon,Jocelyn,Dragon,1002,VP Accounting,741 Sachtjen Alley,Washington,DC,20551,United States,38.892,-77.0452,202-104-8622
1057,836aa9bc-c50a-4519-a136-555ad12d8c95,Flossie Wardlaw,Flossie,Wardlaw,1039,Programmer III,92 Valley Edge Street,Washington,DC,20535,United States,38.8941,-77.0251,202-923-1666
1058,54377118-a20c-432e-b588-16b0e88bb47b,Kimberly Dietzler,Kimberly,Dietzler,1052,Structural Engineer,592 Riverside Center,Santa Cruz,CA,95064,United States,36.9959,-122.0578,831-328-9203
1059,a1d62000-0207-439d-b3a0-5c6a47feb05c,Nichols Flaonier,Nichols,Flaonier,1128,Web Developer II,15 Evergreen Street,Jamaica,NY,11407,United States,40.6913,-73.8059,516-135-3161
1060,d766bdb9-29a2-4cff-a425-d0396b0ca1bf,Keri Carr,Keri,Carr,1112,Computer Systems Analyst I,9 Gulseth Hill,Cincinnati,OH,45296,United States,39.1668,-84.5382,513-528-0584
1061,e67a34c7-9be9-4531-8157-87e3d7ae922d,Yorker Vala,Yorker,Vala,1126,Human Resources Assistant IV,39 Troy Plaza,Cincinnati,OH,45208,United States,39.1361,-84.4355,513-945-9790
1062,3a358b66-19e7-4087-99da-9ac547c98ec3,Rhonda Prier,Rhonda,Prier,1114,Human Resources Assistant IV,16 Main Plaza,Erie,PA,16534,United States,42.1827,-80.0649,814-607-4143
1063,9cebc77d-f32c-48f1-a16a-833f85291fba,Arch Radloff,Arch,Radloff,1115,Account Representative I,91 Independence Point,Boston,MA,2119,United States,42.3231,-71.0846,978-969-5843
1064,02284f8b-83d5-4783-80db-fa2a78464e22,Esmeralda Thomassin,Esmeralda,Thomassin,1148,Budget/Accounting Analyst III,9 Havey Point,Albany,NY,12242,United States,42.6149,-73.9708,518-757-9108
1065,a948d256-fc2d-471d-92ab-d64d43f4f09e,Tedie Gianuzzi,Tedie,Gianuzzi,1041,Web Developer II,1 5th Pass,Kansas City,MO,64187,United States,39.035,-94.3567,816-493-1611
1066,f67f6a9a-f2fc-4008-9f31-5662fdcac700,Thorn Quirk,Thorn,Quirk,1026,Nurse Practicioner,816 Rieder Crossing,Philadelphia,PA,19136,United States,40.0422,-75.0244,215-974-3032
1067,c6883daa-6639-4e70-80c1-3bfbea575323,Levon Craighill,Levon,Craighill,1093,Account Representative II,7 Schiller Place,South Bend,IN,46699,United States,41.5968,-86.293,574-984-9388
1068,f6fae171-c65a-479f-bb79-079e02a94e7e,Daphne Callis,Daphne,Callis,1129,Biostatistician II,07338 Vera Park,Tampa,FL,33615,United States,28.0081,-82.5805,813-782-6788
1069,b5c31f18-816c-4a12-b734-dd65c0ab2d28,Gerry McAllen,Gerry,McAllen,1135,Social Worker,016 Bunting Hill,Salt Lake City,UT,84135,United States,40.6681,-111.9083,801-124-1169
1070,dfa988c5-26e0-4755-a41a-4043be495d23,Fredericka Werny,Fredericka,Werny,1052,Programmer I,76 Sullivan Point,Lincoln,NE,68531,United States,40.9008,-96.7201,402-252-5130
1071,12bbd485-bd55-4afe-bf81-4ac72a057292,Willard Elsegood,Willard,Elsegood,1138,Recruiter,6423 South Drive,Burbank,CA,91505,United States,34.169,-118.3442,626-355-5972
1072,191cf7cd-2399-4dbd-9208-5b935ac5dded,Bordie Fahy,Bordie,Fahy,1082,Community Outreach Specialist,55257 Marquette Crossing,Berkeley,CA,94712,United States,37.6802,-121.9215,510-710-8342
1073,0160de00-0176-47dc-b347-2c3487d4d634,Dollie Duker,Dollie,Duker,1030,Desktop Support Technician,1 Mockingbird Hill,Sarasota,FL,34276,United States,27.1675,-82.381,941-100-7054
1074,097a6da3-1ca3-4e7f-a259-10ae6539da16,Orly Maypes,Orly,Maypes,1122,Administrative Assistant II,253 Union Court,Austin,TX,78764,United States,30.4455,-97.6595,512-892-0084
1075,85384df3-fd87-4c24-ac42-687c4fb42997,Corny Prodrick,Corny,Prodrick,1023,Environmental Specialist,9005 David Street,Sacramento,CA,94237,United States,38.3774,-121.4444,916-857-2995
1076,96396f10-0766-4b95-b6c1-55d68f29fdae,Avie Greetland,Avie,Greetland,1131,Food Chemist,71 Butterfield Point,Huntington,WV,25775,United States,38.4134,-82.2774,304-778-0102
1077,cad7e483-8b0f-4203-a372-85b3e81787bb,Emyle Pendered,Emyle,Pendered,1133,Health Coach II,64186 Norway Maple Center,Shreveport,LA,71115,United States,32.3401,-93.6092,318-262-5084
1078,3c96027f-a77b-44fb-8e02-87bf69b16368,Betsy Hogben,Betsy,Hogben,1091,Recruiter,3796 2nd Avenue,Independence,MO,64054,United States,39.11,-94.4401,816-148-2910
1079,3ce2b7b6-36ff-4ab6-8f82-6f5e9a76f1eb,Carrie Eykelbosch,Carrie,Eykelbosch,1025,Senior Developer,1 Ridgeview Alley,New Orleans,LA,70116,United States,29.9686,-90.0646,504-981-3202
1080,61f1b404-d67d-4c3a-8142-dab672c18f99,Nico Shefton,Nico,Shefton,1051,Project Manager,323 Del Mar Circle,Lansing,MI,48912,United States,42.7371,-84.5244,517-472-1604
1081,075fe2ef-bff4-419b-9e66-7ef6fa5a1b48,Harmon Kezor,Harmon,Kezor,1071,Legal Assistant,92 Harper Park,Carlsbad,CA,92013,United States,33.0169,-116.846,760-289-4356
1082,df154e83-1333-4d4a-b5ef-14cea9e8c721,Heddi Le Port,Heddi,Le,1141,Geologist III,4 Heath Crossing,Meridian,MS,39305,United States,32.4401,-88.6783,601-327-5891
1083,95353ee5-4839-4c27-8c84-ee4ae8672887,Vittorio Gittens,Vittorio,Gittens,1100,Graphic Designer,44872 Carioca Alley,Philadelphia,PA,19093,United States,40.0018,-75.1179,215-546-9012
1084,9dbec8e6-9c09-4a2f-8927-59f6d781d2e6,Stanwood Benford,Stanwood,Benford,1117,Marketing Assistant,024 Spohn Hill,Terre Haute,IN,47812,United States,39.4336,-87.4101,812-858-3819
1085,218eb62b-8275-4494-84d3-952524ede553,Leia Patmore,Leia,Patmore,1072,Electrical Engineer,8777 Caliangt Lane,Erie,PA,16505,United States,42.1109,-80.1534,814-196-6026
1086,a34a66b7-d80c-4267-bbc2-6bb7178cac53,Vaclav Bythell,Vaclav,Bythell,1080,Structural Engineer,5765 8th Park,Minneapolis,MN,55423,United States,44.8756,-93.2553,218-322-4589
1087,a5a26d81-4d95-4602-b613-0fe431828bca,Frederique Gheorghescu,Frederique,Gheorghescu,1100,Office Assistant I,8185 Hintze Way,Des Moines,IA,50369,United States,41.6727,-93.5722,515-974-8139
1088,d67aeae4-99a2-4140-9a43-9a2ca94a9d3a,Brett Lakenton,Brett,Lakenton,1124,Accounting Assistant III,68285 Rusk Terrace,Austin,TX,78769,United States,30.3264,-97.7713,512-335-3763
1089,178b2e1e-5d0e-4c00-ac7b-478dfd5f6247,Lev Heinz,Lev,Heinz,1112,Systems Administrator I,0 Bartelt Park,Oxnard,CA,93034,United States,34.0324,-119.1343,805-728-3756
1090,a92e8e35-bea2-46d0-8621-d7ab3ef1f9a2,Stern Reavey,Stern,Reavey,1059,Software Consultant,0 Hayes Alley,Knoxville,TN,37931,United States,35.9924,-84.1201,865-147-5456
1091,64435612-e35a-4b95-9368-020c12525844,Lamar Luc,Lamar,Luc,1108,Mechanical Systems Engineer,06 Gale Road,Detroit,MI,48211,United States,42.3809,-83.0409,734-881-8448
1092,af2b227d-93d5-498f-8134-681987500f3a,Tommi Varley,Tommi,Varley,1091,Senior Quality Engineer,774 Johnson Hill,Portland,OR,97211,United States,45.5653,-122.6448,503-162-6061
1093,8f1ab35e-b1f3-445b-b9c3-9a7ed2ec818f,Jaimie Formby,Jaimie,Formby,1130,Speech Pathologist,37 Aberg Crossing,Brooksville,FL,34605,United States,28.5059,-82.4226,352-696-1200
1094,05863235-9726-4050-b67e-0e8c1556f385,Griz Kybert,Griz,Kybert,1126,Professor,59 Jana Place,Toledo,OH,43699,United States,41.6538,-83.6589,419-886-2654
1095,47bc059f-7b88-4b91-a884-f4ab6ca9ab02,Belle Lamborne,Belle,Lamborne,1073,Clinical Specialist,474 Gateway Point,Colorado Springs,CO,80935,United States,38.8247,-104.562,719-769-9595
1096,c35b113d-280a-4289-8382-0a7c85cca343,Pauletta McGettigan,Pauletta,McGettigan,1000,Teacher,789 Huxley Court,Phoenix,AZ,85067,United States,33.2765,-112.1872,602-762-4462
1097,78df3907-23aa-438c-aa2a-7ecbf37bbf09,Stevy Wymer,Stevy,Wymer,1126,Operator,2534 Laurel Hill,San Diego,CA,92165,United States,33.0169,-116.846,619-258-7169
1098,1ebaeb76-5d95-4e11-aa49-219178a3c153,Radcliffe Woodford,Radcliffe,Woodford,1109,VP Marketing,32663 Dapin Street,South Bend,IN,46634,United States,41.5968,-86.293,574-334-2127
1099,30a7ddc6-1c83-4f04-9097-636b901a65c0,Ronna McShane,Ronna,McShane,1126,Account Executive,6416 Myrtle Drive,Chesapeake,VA,23324,United States,36.8056,-76.2666,757-759-7025
1100,0ebc0925-e446-4c4b-8aa5-3dfdd102bd55,Arlee Kennewell,Arlee,Kennewell,1041,Budget/Accounting Analyst III,06604 Corry Drive,Toledo,OH,43615,United States,41.6492,-83.6706,419-781-0929
1101,09be8d93-bcd5-46fa-a4b5-e2274d4e5e3c,Kathleen Yeskov,Kathleen,Yeskov,1102,Senior Sales Associate,4032 Westport Plaza,Warren,MI,48092,United States,42.5125,-83.0643,586-694-1272
1102,0b744f3c-9bf5-4204-b41c-c3cce55e2084,Virgil Elsmore,Virgil,Elsmore,1148,Administrative Assistant I,125 Warbler Circle,Lake Charles,LA,70616,United States,30.2642,-93.3265,337-179-7068
1103,680fa4ae-cca9-46d8-bad6-540e4784922f,Ernestine Attewill,Ernestine,Attewill,1024,Teacher,8 Lunder Circle,Saint Louis,MO,63136,United States,38.7196,-90.27,314-463-0855
1104,57018685-d5a0-4bf2-885e-5819a891dd56,Albertina Whyman,Albertina,Whyman,1037,Occupational Therapist,964 Northview Drive,Littleton,CO,80127,United States,39.592,-105.1328,303-606-2265
1105,40cd81ac-ba67-4f16-8c9f-80b925517695,Eliot Livingstone,Eliot,Livingstone,1023,Human Resources Assistant IV,2 Emmet Alley,Houston,TX,77085,United States,29.6218,-95.4819,281-289-9054
1106,b260300a-522e-4105-a901-3a4c87fb13c7,Robers Tillman,Robers,Tillman,1007,Cost Accountant,55 Kim Court,San Antonio,TX,78255,United States,29.6701,-98.6873,830-576-1745
1107,210b6ddd-7ed0-49df-be3b-af59bb9cde32,Florencia Boyington,Florencia,Boyington,1091,Electrical Engineer,3 Northview Parkway,Hamilton,OH,45020,United States,39.441,-84.5757,937-652-6362
1108,a98d84d8-18c7-42d4-a031-4425ea20a5b4,Violette Birtwistle,Violette,Birtwistle,1002,Librarian,922 Springs Place,Bakersfield,CA,93386,United States,35.2944,-118.9052,661-899-1012
1109,ae68f223-8dfb-468b-99e0-a4e2419471e3,Jasmin Stokey,Jasmin,Stokey,1136,GIS Technical Architect,3 Gale Court,Jacksonville,FL,32236,United States,30.3449,-81.6831,904-924-9475
1110,9c054bb1-c6f3-4b64-aa9d-760c76a6e0cb,Skippy Losano,Skippy,Losano,1039,GIS Technical Architect,199 Monica Drive,Montgomery,AL,36119,United States,32.2334,-86.2085,334-119-5928
1111,c5d23940-0e16-4772-be50-913d3bed0812,Morlee Renon,Morlee,Renon,1126,Research Nurse,1448 Ridgeway Plaza,Spring,TX,77386,United States,30.1288,-95.4239,281-350-9233
1112,c2dc63e8-38c9-4bcc-978a-1724c0a4f939,Joete Downe,Joete,Downe,1122,Software Test Engineer II,0248 Dunning Plaza,San Jose,CA,95155,United States,37.31,-121.9011,408-211-0281
1113,259ff56b-776c-44a3-bd0a-5e1af0458e72,Ricoriki Ishak,Ricoriki,Ishak,1125,Research Associate,726 Pearson Alley,Irvine,CA,92619,United States,33.6706,-117.7645,949-396-3554
1114,e17d1b6d-a1e5-46a9-b783-c2a29f4f45f3,Travis Chifney,Travis,Chifney,1138,Staff Scientist,71 Kropf Junction,Minneapolis,MN,55480,United States,45.0159,-93.4719,612-828-8452
1115,5f21d1f6-40ca-4174-baa2-9e0320917e5b,Corrie Brookwell,Corrie,Brookwell,1022,Actuary,9193 Almo Court,Dallas,TX,75379,United States,32.7673,-96.7776,214-570-1612
1116,0062632f-c0f4-4e89-bc16-9af5565a7fc8,Clarance Peart,Clarance,Peart,1050,Graphic Designer,67561 Glacier Hill Drive,Brooklyn,NY,11231,United States,40.6794,-74.0014,212-188-7955
1117,18c859e9-46d6-402c-9288-43ce0aab4734,Andre Revett,Andre,Revett,1075,Research Assistant I,89 Hermina Way,Los Angeles,CA,90071,United States,34.0529,-118.2549,626-683-4711
1118,49479814-7114-4556-b92a-ffa6581b926e,Weider Eliaz,Weider,Eliaz,1092,Assistant Manager,9930 Eagle Crest Junction,Pompano Beach,FL,33064,United States,26.2785,-80.1157,305-618-0415
1119,25d41ec3-9014-4778-a137-9c80a0705d3a,Malissia Bigmore,Malissia,Bigmore,1098,Health Coach III,2947 Wayridge Terrace,Greensboro,NC,27404,United States,36.0807,-80.0244,336-393-2359
1120,4f7e5423-c730-4af0-89a2-e134b7a4a56f,Leroi Wozencraft,Leroi,Wozencraft,1141,Structural Analysis Engineer,616 Gina Plaza,Detroit,MI,48211,United States,42.3809,-83.0409,734-661-8514
1121,75e73c2b-8263-4869-a644-c17520aa2467,Gayla Maytom,Gayla,Maytom,1024,Statistician II,41 Anzinger Park,San Antonio,TX,78291,United States,29.4375,-98.4616,210-749-1482
1122,f7404ff0-53b3-41b1-a64e-0e6c8e12b264,Blanca Mordaunt,Blanca,Mordaunt,1124,Chief Design Engineer,654 Clove Terrace,Memphis,TN,38104,United States,35.1334,-90.0046,615-879-8741
1123,cf6fccfe-3795-4bce-9310-27f7f621131d,Cecilla Petrowsky,Cecilla,Petrowsky,1101,Marketing Manager,289 Manitowish Circle,Providence,RI,2905,United States,41.7845,-71.3959,401-637-9673
1124,d337a699-5666-46c6-aaf9-5bc28d0d4db6,Caritta Minget,Caritta,Minget,1087,Junior Executive,54 Division Hill,Oklahoma City,OK,73104,United States,35.4794,-97.5017,405-756-5538
1125,3cb2594f-22d2-45d9-9cda-b85b0d2956c1,Tabbie Bullan,Tabbie,Bullan,1034,Systems Administrator II,451 Katie Road,Orlando,FL,32835,United States,28.5289,-81.4787,407-673-3420
1126,478343dd-a8ef-4889-b3ef-e1b3e0103b63,Caren Ronaldson,Caren,Ronaldson,1002,Accounting Assistant II,81 Hovde Plaza,Toledo,OH,43605,United States,41.6525,-83.5085,419-569-0215
1127,eb66a142-897b-445d-9d4b-2aedf643f8d8,Kevin Meldrum,Kevin,Meldrum,1014,Compensation Analyst,930 Summerview Avenue,Colorado Springs,CO,80935,United States,38.8247,-104.562,719-977-3252
1128,90b9c93b-5843-42ff-af03-68eafc9e7588,Sybilla Fuzzens,Sybilla,Fuzzens,1135,Nuclear Power Engineer,9 Towne Court,Washington,DC,20041,United States,38.8933,-77.0146,703-186-6626
1129,f0cccc1f-a95d-4c88-83c2-3c44293c2431,Rodrigo Wiper,Rodrigo,Wiper,1091,Executive Secretary,28 Ridge Oak Lane,Long Beach,CA,90847,United States,33.7866,-118.2987,562-491-0523
1130,22e01790-35f5-4cd0-bb56-6dde36c33ac4,Wilden Demonge,Wilden,Demonge,1050,Civil Engineer,2 Fordem Street,Nashville,TN,37210,United States,36.1379,-86.741,615-902-3360
1131,6ad3169d-8c7d-46fb-925b-e1b6a1202f28,Roscoe Simonato,Roscoe,Simonato,1084,Director of Sales,237 Declaration Road,Birmingham,AL,35231,United States,33.5446,-86.9292,205-532-0220
1132,4d49e37c-dc48-4ec0-ac27-38c3300a6510,Archy Twiggins,Archy,Twiggins,1113,Research Associate,9084 Farwell Junction,Harrisburg,PA,17126,United States,40.2618,-76.88,717-919-6417
1133,7b04621b-74ae-4f4e-8270-be8d1911f9f0,Diana Ioselevich,Diana,Ioselevich,1046,Senior Sales Associate,0 Elka Point,Portland,OR,97211,United States,45.5653,-122.6448,503-189-3949
1134,b15f9f3d-18b3-4c88-a711-9eb8c917542c,Michal Dilgarno,Michal,Dilgarno,1125,Software Consultant,194 Manufacturers Circle,Tyler,TX,75705,United States,32.3766,-95.1252,903-234-9509
1135,19e1880e-2227-47d1-8422-314166d919cb,Emmalyn Leftwich,Emmalyn,Leftwich,1131,Health Coach IV,19867 Burrows Crossing,Richmond,VA,23228,United States,37.625,-77.4959,804-811-5935
1136,ef213770-cd15-4c97-b351-33ae80c96212,Hulda Langforth,Hulda,Langforth,1050,Biostatistician IV,71 Surrey Avenue,Glendale,AZ,85305,United States,33.5291,-112.2482,602-807-3976
1137,cbbba6cd-7fcf-4689-aa5d-d3ab1b8bb40a,Jeremie Rennolds,Jeremie,Rennolds,1020,Recruiter,56 Thackeray Street,Houston,TX,77218,United States,29.834,-95.4342,713-811-2353
1138,35f2373e-f8db-4755-8408-e5617404ecdf,Ham Hewes,Ham,Hewes,1042,Teacher,50 Monterey Hill,West Hartford,CT,6127,United States,41.7918,-72.7188,860-287-5585
1139,800161db-cff2-4f2c-b8e4-9aec38878612,Olympia Milsap,Olympia,Milsap,1147,Database Administrator I,9263 Stoughton Avenue,Allentown,PA,18105,United States,40.6934,-75.4712,610-791-3861
1140,1c5df0dc-e89b-486e-bd64-ea43de4879e9,Saraann McMinn,Saraann,McMinn,1040,Systems Administrator IV,221 Novick Trail,New York City,NY,10115,United States,40.8111,-73.9642,212-190-0430
1141,a5122c71-1057-4269-8889-e3dfe0e96d9c,Janelle Ashelford,Janelle,Ashelford,1041,Account Coordinator,1911 Red Cloud Drive,Wichita Falls,TX,76310,United States,33.8581,-98.5755,940-537-7340
1142,5b09b451-fd7a-43e1-9965-2abc66d270e4,Godart Overel,Godart,Overel,1127,Help Desk Operator,9232 Delladonna Crossing,Riverside,CA,92505,United States,33.9228,-117.4867,909-397-1389
1143,68961e32-51d1-4978-876f-db1585f15551,Dolley Lait,Dolley,Lait,1021,Editor,8 Old Shore Park,Pittsburgh,PA,15215,United States,40.5048,-79.9138,412-219-4158
1144,78ca670a-22a3-44a2-b800-0e5a5b964815,Leia Guidone,Leia,Guidone,1104,Staff Accountant I,01328 Aberg Circle,Orlando,FL,32813,United States,28.5679,-81.3258,407-420-7993
1145,753e31d3-5789-4a2e-a9a5-3065e6daebe0,Pierre Jeannequin,Pierre,Jeannequin,1056,Editor,4076 Gale Alley,San Antonio,TX,78205,United States,29.4237,-98.4925,210-536-8612
1146,176dfac6-c6d7-4e71-9dfa-328ee26427b4,Gunther Edinborough,Gunther,Edinborough,1135,Data Coordiator,4 Petterle Way,Hialeah,FL,33018,United States,25.9098,-80.3889,305-895-4394
1147,7c72adaa-99be-4adc-b6d7-d2f60818785e,Jaimie Sleicht,Jaimie,Sleicht,1031,Cost Accountant,61788 Summerview Pass,Birmingham,AL,35225,United States,33.5446,-86.9292,205-137-7407
1148,faa2a183-451a-464a-9d79-8f7419418c18,Cecil Glander,Cecil,Glander,1058,Senior Quality Engineer,00509 4th Circle,Fairfax,VA,22036,United States,38.7351,-77.0796,571-344-2103
1149,1bab467a-691a-42b3-a1ca-70f946992aae,Pat Akroyd,Pat,Akroyd,1128,Software Consultant,485 Saint Paul Pass,Dallas,TX,75358,United States,32.7942,-96.7652,214-662-3584
1150,246f217c-0e75-48c6-8687-3abcf51c8bff,Renado Seamen,Renado,Seamen,1088,VP Quality Control,85 Randy Drive,New York City,NY,10039,United States,40.8265,-73.9383,212-949-8279
1151,cb8c64f3-5dd2-429c-b76b-0c932f7b670a,Brittaney Screaton,Brittaney,Screaton,1118,Occupational Therapist,22944 Thompson Center,Memphis,TN,38181,United States,35.2017,-89.9715,901-726-4258
1152,d89b9e7e-c6cb-4f59-b3cf-a6e1973a6ac6,Janos Bowlesworth,Janos,Bowlesworth,1074,Legal Assistant,9410 Dryden Pass,Lubbock,TX,79415,United States,33.6021,-101.876,806-316-5163
1153,50e0ea0c-47eb-4773-8fae-577ee3a66935,Jerald Gaveltone,Jerald,Gaveltone,1115,Nurse,5935 Grover Alley,Washington,DC,20591,United States,38.8933,-77.0146,202-862-0225
1154,2cbb788f-d773-4017-ad3d-9694954251cd,Mendie Botcherby,Mendie,Botcherby,1072,Accounting Assistant I,862 Linden Hill,Denver,CO,80204,United States,39.734,-105.0259,720-352-4330
1155,cefba1f7-5845-403c-a6e2-ae0133a646e9,Renault Gobell,Renault,Gobell,1135,Human Resources Assistant II,4 Ruskin Road,El Paso,TX,88589,United States,31.6948,-106.3,915-221-1338
1156,c914e1b2-ffeb-40a3-9742-bf2d71a7c0f6,Angie Butten,Angie,Butten,1046,Paralegal,68101 Namekagon Way,Houston,TX,77201,United States,29.834,-95.4342,832-921-5577
1157,e3a89101-3599-44f2-83fe-faae66f62c98,Merry Buffy,Merry,Buffy,1080,General Manager,273 Veith Street,Lexington,KY,40505,United States,38.0612,-84.4583,859-739-6544
1158,6bb681a5-8e61-4cbf-afe9-c34ecef62a06,Freeman Stoffler,Freeman,Stoffler,1010,Civil Engineer,74 Garrison Avenue,El Paso,TX,79945,United States,31.6948,-106.3,915-507-5823
1159,b7e53874-9ec7-4483-8e84-9551d006019e,Jacquette Stilwell,Jacquette,Stilwell,1147,Legal Assistant,6 John Wall Plaza,Albuquerque,NM,87201,United States,35.0443,-106.6729,505-420-4336
1160,b97f5f74-f434-4b02-aa71-8f0861c9dd2c,Alphard Pascho,Alphard,Pascho,1108,Programmer II,8 Jay Drive,Roanoke,VA,24004,United States,37.2742,-79.9579,540-921-3166
1161,a7ecedf6-3fa5-4179-ba29-f757cb0ef6f2,Lesley Niche,Lesley,Niche,1111,Payment Adjustment Coordinator,32 Stephen Way,Tacoma,WA,98405,United States,47.2484,-122.4644,253-883-9126
1162,08cffaf4-0e05-456e-a02c-7018c5fc4b74,Lorrie McSkeagan,Lorrie,McSkeagan,1053,Technical Writer,748 Canary Plaza,Newport Beach,CA,92662,United States,33.6062,-117.8931,714-717-9913
1163,46df8a74-2c66-4891-ad19-faf8da6c0874,Belinda Adrianello,Belinda,Adrianello,1099,Recruiter,0 Kipling Circle,Santa Monica,CA,90410,United States,33.7866,-118.2987,310-294-1441
1164,67bba832-c0a1-4140-a852-f0aadd13bac1,Ailis Woollons,Ailis,Woollons,1125,Engineer I,55424 Hollow Ridge Parkway,Bronx,NY,10464,United States,40.8469,-73.7874,917-695-5109
1165,b4d5aab5-1ca9-4ef1-81b8-8fc532f73c20,Dirk O'Dyvoie,Dirk,O'Dyvoie,1032,Senior Developer,92 Bartelt Terrace,Canton,OH,44710,United States,40.7911,-81.4169,330-286-4105
1166,e6e87780-a867-4eb2-a2b0-076380964dbb,Helenelizabeth O'Lenane,Helenelizabeth,O'Lenane,1013,Marketing Assistant,70534 Doe Crossing Road,Erie,PA,16505,United States,42.1109,-80.1534,814-944-7141
1167,aa8c209b-73d3-4b79-8eed-5951aaa3ee44,Adriano Toone,Adriano,Toone,1041,Teacher,887 Mcguire Trail,Springfield,MO,65805,United States,37.2581,-93.3437,417-125-8000
1168,2a983401-ae3d-4089-8a86-630c04829e3d,Ossie MacMoyer,Ossie,MacMoyer,1045,Accounting Assistant IV,9 Thackeray Way,Columbia,SC,29215,United States,34.006,-80.9708,803-266-0105
1169,3f1ac674-d3ab-4a81-bb34-ec360f28e326,Fonz Dyball,Fonz,Dyball,1131,Geological Engineer,4 Randy Park,Anchorage,AK,99522,United States,61.1089,-149.4403,907-347-6504
1170,3235de12-a22e-4bd7-940d-4268f99a5625,Helga Gilchrest,Helga,Gilchrest,1050,Office Assistant I,80 Summerview Street,Omaha,NE,68197,United States,41.249,-96.0274,402-909-3698
1171,4528b3c9-0d87-4934-845a-76d74eef1b44,Sergent Caffery,Sergent,Caffery,1135,Assistant Professor,016 Schurz Trail,Atlanta,GA,30356,United States,33.8913,-84.0746,404-818-0156
1172,ed37f616-8b13-44b0-854e-7a3577b21bf3,Winfred Duke,Winfred,Duke,1137,VP Quality Control,5008 Talmadge Center,Sacramento,CA,95852,United States,38.6026,-121.4475,916-401-2262
1173,3e8c1f2a-9f35-415f-87fe-3bc085089768,Paten Larway,Paten,Larway,1073,VP Quality Control,7 Center Avenue,Atlanta,GA,30316,United States,33.7217,-84.3339,404-182-3875
1174,7c114611-a2cf-4fe8-b0a8-249c77ffaed6,Viviyan Mullally,Viviyan,Mullally,1066,Clinical Specialist,112 Hallows Way,Amarillo,TX,79116,United States,35.2454,-101.999,806-469-9729
1175,ff7f4a4f-b462-4fb9-85f9-3a722c5f64ef,Carny Furmston,Carny,Furmston,1134,Research Assistant IV,697 Division Way,Denton,TX,76205,United States,33.1903,-97.1282,940-289-7685
1176,40322537-5079-461f-bcaf-f84fb46f7c9c,Valle Fettis,Valle,Fettis,1144,Financial Analyst,971 Kedzie Trail,Saint Petersburg,FL,33731,United States,27.8918,-82.7248,727-826-8933
1177,2b5d5165-d98c-4672-8a94-2acf8f08fc24,Desi Khadir,Desi,Khadir,1097,Product Engineer,2577 Red Cloud Avenue,Springfield,IL,62711,United States,39.7655,-89.7293,217-340-9585
1178,6cd8dcf3-6090-468c-8388-7377d80a1417,Graeme Crombleholme,Graeme,Crombleholme,1107,Registered Nurse,977 Towne Lane,San Antonio,TX,78255,United States,29.6701,-98.6873,210-853-0980
1179,bf85e715-1540-4a78-8137-e1bbd59f0304,Berny Peevor,Berny,Peevor,1007,Geologist III,274 Orin Way,Tacoma,WA,98424,United States,47.2325,-122.3594,253-966-3353
1180,9bf3aace-ffdc-405f-8dfb-3ada5a5e1deb,Beatrix Whicher,Beatrix,Whicher,1027,VP Marketing,83010 Spohn Crossing,Los Angeles,CA,90040,United States,33.9909,-118.1532,760-873-2438
1181,29c23286-6bf0-484f-a173-46516eb87d72,Junina Roddam,Junina,Roddam,1002,Product Engineer,2 Knutson Hill,Monticello,MN,55590,United States,45.2009,-93.8881,763-957-5230
1182,f7815d27-d69e-4fb2-9517-0e8f5abb77c6,Sharyl Pennick,Sharyl,Pennick,1035,Occupational Therapist,3 Warner Terrace,Austin,TX,78732,United States,30.3752,-97.9007,512-911-8536
1183,4fd47968-4f10-4372-8e6c-011536ef5b69,Virge Jillings,Virge,Jillings,1107,Tax Accountant,15582 Cardinal Pass,Cincinnati,OH,45218,United States,39.2663,-84.5221,513-719-5473
1184,ed3bbda8-c88a-47c5-877b-57a2e2c1b695,Hart Millson,Hart,Millson,1122,Executive Secretary,8218 Marcy Lane,Winston Salem,NC,27157,United States,36.0275,-80.2073,336-552-9181
1185,49b6b035-1ab0-4449-8a0d-46cbcc8e7fd3,Margarethe Hincks,Margarethe,Hincks,1106,Account Coordinator,01 Mccormick Crossing,Gainesville,FL,32610,United States,29.6813,-82.3539,352-928-0079
1186,7a85e339-ff8f-4799-93fc-e0cfd1025500,Waylen Pentlow,Waylen,Pentlow,1056,Payment Adjustment Coordinator,4 Milwaukee Place,Hartford,CT,6183,United States,41.7638,-72.673,860-193-6276
1187,498e0eaf-b8e9-42d7-95ff-9e35ff278903,Albie Haydney,Albie,Haydney,1136,Technical Writer,085 Elmside Crossing,Odessa,TX,79764,United States,31.8767,-102.4375,432-303-2663
1188,99054ac6-9bf8-4239-a2f9-6bd8fb0ca7d4,Marietta Norton,Marietta,Norton,1089,Legal Assistant,968 Prairieview Point,Washington,DC,20205,United States,38.905,-77.0162,202-823-2737
1189,3684b561-f795-4503-864a-d91307185f2b,Donall Normanell,Donall,Normanell,1001,Librarian,5865 Sachs Street,Charlotte,NC,28215,United States,35.244,-80.7387,704-220-6410
1190,91f7e6cb-7365-4b05-86cf-a90d536ce78d,Genni Fishe,Genni,Fishe,1053,Quality Engineer,768 Dixon Alley,Sacramento,CA,95838,United States,38.6406,-121.444,916-359-8282
1191,74da8e56-8795-45d4-925b-d31e4f995d62,Dex Bencher,Dex,Bencher,1135,Payment Adjustment Coordinator,31 Northport Center,Macon,GA,31217,United States,32.8118,-83.565,912-301-5147
1192,7a58c6cc-a49a-4a34-8b4f-01c43949097e,Marguerite Wallis,Marguerite,Wallis,1085,Financial Advisor,806 Sutherland Pass,Seattle,WA,98127,United States,47.6063,-122.3308,206-607-6814
1193,73a971eb-4fef-4443-9ef7-de3779e8d116,Gwendolen Godspeede,Gwendolen,Godspeede,1075,Business Systems Development Analyst,2 Donald Crossing,Orange,CA,92862,United States,33.7915,-117.714,714-658-7934
1194,2364fb56-ed87-4c70-9c1b-dcd0a1d04203,Felizio Mortlock,Felizio,Mortlock,1024,VP Marketing,9 Green Circle,Arlington,VA,22244,United States,38.8545,-77.052,571-714-3727
1195,3e388a0d-f1b0-421c-b03c-1565317049ac,Brandyn Goligly,Brandyn,Goligly,1049,Design Engineer,4970 Spohn Road,Orlando,FL,32859,United States,28.4429,-81.4026,407-730-8623
1196,cbd21b0e-c881-4606-8b7f-1fe67ccd8a01,Susette Cristoferi,Susette,Cristoferi,1000,Health Coach III,0474 Briar Crest Center,Amarillo,TX,79116,United States,35.2454,-101.999,806-918-4355
1197,9a3e1853-cbb3-4a63-8b9c-77c23a688fbe,Margarita Gainsborough,Margarita,Gainsborough,1133,Systems Administrator II,7 Helena Point,Los Angeles,CA,90060,United States,33.7866,-118.2987,323-294-5380
1198,fdb7cc70-018f-4c43-ab51-809f9ae969e1,Carlie Hansman,Carlie,Hansman,1040,Registered Nurse,868 Kinsman Parkway,Irvine,CA,92710,United States,33.7074,-117.8403,714-783-7840
1199,4f3dcb1c-6251-49ee-920a-ab2661bf0689,Fairlie Spuner,Fairlie,Spuner,1013,Staff Accountant I,466 Nevada Place,Tulsa,OK,74103,United States,36.1539,-95.9954,918-879-9566
1200,378ec38b-1f62-47fa-8a6b-44d913aebec8,Anni Medway,Anni,Medway,1043,Environmental Tech,163 Emmet Point,El Paso,TX,88519,United States,31.6948,-106.3,915-919-0397
1201,772436ab-b452-4b99-87f3-3bcf33b9961f,Cari Bantock,Cari,Bantock,1130,Electrical Engineer,66 Forest Run Terrace,San Diego,CA,92105,United States,32.7423,-117.0947,619-598-8633
1202,d3aa2ed7-1a2f-427e-b20e-267d30479031,Electra Willcock,Electra,Willcock,1100,Human Resources Assistant IV,07 Thackeray Trail,Washington,DC,20425,United States,38.8933,-77.0146,202-404-3839
1203,e6cba8a7-bca6-4c31-90e8-482d587946a2,Deeann Grishunin,Deeann,Grishunin,1110,Programmer Analyst III,7 Shelley Trail,Tampa,FL,33620,United States,28.06,-82.4079,813-507-5864
1204,979340a3-0a89-417d-b226-cda32e07aca7,Johannah Luckhurst,Johannah,Luckhurst,1037,Community Outreach Specialist,7 Graedel Parkway,Stamford,CT,6912,United States,41.3089,-73.3637,203-560-7257
1205,960c7c16-aa4e-4478-8f35-5700cea15a64,Devora Caulcott,Devora,Caulcott,1147,Senior Sales Associate,4 Cordelia Crossing,Philadelphia,PA,19136,United States,40.0422,-75.0244,215-267-6926
1206,68ccaa39-cdb1-48a9-a066-fed723c0813e,Allistir Yeend,Allistir,Yeend,1024,Research Assistant IV,84530 Dwight Place,Richmond,VA,23285,United States,37.5242,-77.4932,804-685-5489
1207,0f2b00a8-5dce-409d-8c32-a9d01ff0b472,Loree Robe,Loree,Robe,1041,Sales Associate,63 Oneill Point,Toledo,OH,43699,United States,41.6538,-83.6589,419-969-5595
1208,15989ec9-9689-4731-8e6a-796dd0fc8137,Gram Chell,Gram,Chell,1020,Electrical Engineer,72 Dryden Trail,Phoenix,AZ,85030,United States,33.2765,-112.1872,602-567-2250
1209,05fbcf06-5a1f-43ee-98f2-4c866a37d98a,Tarra Bryning,Tarra,Bryning,1088,Accounting Assistant II,3906 Cambridge Way,Honolulu,HI,96845,United States,21.3278,-157.8294,808-366-1978
1210,be8d370d-c48c-4e02-919e-dd74cfac6ec9,Hartwell Lacotte,Hartwell,Lacotte,1051,Staff Scientist,98413 Macpherson Park,Saint Petersburg,FL,33715,United States,27.6705,-82.7119,727-981-8033
1211,70e2d2c3-b279-4dfa-a70b-03f2580b8ff5,Dorette Corrison,Dorette,Corrison,1114,Physical Therapy Assistant,3 Bluejay Circle,Buffalo,NY,14205,United States,42.7684,-78.8871,716-373-6393
1212,54836fa7-363a-4975-897e-bf63f17a1cf5,Gusta Huxley,Gusta,Huxley,1061,Biostatistician II,862 Nobel Court,Richmond,VA,23237,United States,37.4011,-77.4615,804-358-2524
1213,54545dd9-8e7c-4755-aded-5390ce180eac,Roi Saxton,Roi,Saxton,1148,Graphic Designer,39 Spenser Junction,Dallas,TX,75353,United States,32.7673,-96.7776,214-176-3862
1214,058d2f22-ed5c-4abe-a6d2-8f8f77c6ff7d,Janean Poone,Janean,Poone,1076,Nurse,6 Orin Junction,Las Vegas,NV,89140,United States,36.086,-115.1471,702-888-5411
1215,18e49ec4-a39e-4d88-a268-026ad2f86e93,Drud Furtado,Drud,Furtado,1016,Marketing Manager,734 Johnson Crossing,Fresno,CA,93704,United States,36.7991,-119.8016,209-166-3883
1216,e1ab4a32-c6b1-49f3-b9b2-e0a44788f80f,Ynes Buckingham,Ynes,Buckingham,1047,Sales Associate,752 Warner Point,Louisville,KY,40293,United States,38.189,-85.6768,502-686-7722
1217,da59c081-173d-4558-91c5-d85a8b0d88f3,Nata Puttock,Nata,Puttock,1116,Director of Sales,2 Rowland Hill,Norfolk,VA,23551,United States,36.9312,-76.2397,757-377-1674
1218,5575df39-a801-46d3-8c75-32bed9b61706,Oralla Talbot,Oralla,Talbot,1052,Quality Control Specialist,385 Kinsman Lane,Cincinnati,OH,45999,United States,39.1668,-84.5382,513-356-9012
1219,f07691f6-3dd3-4bff-8f4f-968fbb7bb363,Lazarus Dyka,Lazarus,Dyka,1051,Internal Auditor,6 Melby Plaza,Shreveport,LA,71105,United States,32.4589,-93.7143,318-798-1669
1220,9fc5bab0-f0c5-4bdf-a915-98b4efa856f6,Augusto Wharmby,Augusto,Wharmby,1037,Software Test Engineer III,895 Golf View Crossing,Saint Petersburg,FL,33715,United States,27.6705,-82.7119,727-209-0599
1221,2b42e498-3448-43ce-9c20-d9f4cd337020,Kennedy Hare,Kennedy,Hare,1104,Tax Accountant,4 Ruskin Crossing,Johnson City,TN,37605,United States,36.3158,-82.3838,423-283-0319
1222,7b1d2d51-56ea-44fb-817c-2472c95e9341,Alayne Mc Faul,Alayne,Mc,1040,Database Administrator II,7309 Corscot Road,Tampa,FL,33625,United States,28.0726,-82.559,727-342-7128
1223,555dda52-3e5c-4946-971d-9b14f9b59dbd,Gloriane Woliter,Gloriane,Woliter,1032,VP Quality Control,85 7th Road,El Paso,TX,88579,United States,31.6948,-106.3,915-106-2392
1224,8e73c55c-9860-4811-a980-ebb354634964,Bird Marciek,Bird,Marciek,1042,Budget/Accounting Analyst III,42 Mariners Cove Lane,Racine,WI,53405,United States,42.7161,-87.8233,262-285-3523
1225,951eb5e6-f75e-47f5-bb1d-b5a2725ac9c7,Kathy Dorsett,Kathy,Dorsett,1090,Health Coach I,08390 Muir Lane,Anchorage,AK,99517,United States,61.1901,-149.9361,907-875-6267
1226,3b741b47-7ab6-4f2c-932d-3568fc135e33,Fernandina Digwood,Fernandina,Digwood,1136,Assistant Manager,74757 Sutteridge Pass,Springfield,MA,1129,United States,42.1223,-72.4876,413-344-3731
1227,3fc36005-12cb-42c8-8cfc-7dd8ed82f635,Felipe Mauser,Felipe,Mauser,1074,Chemical Engineer,649 Ilene Trail,Montpelier,VT,5609,United States,44.2595,-72.585,802-975-6949
1228,15eae650-256e-4291-9f65-d440040b5692,Abelard Dacca,Abelard,Dacca,1001,Administrative Officer,7 Grim Avenue,Philadelphia,PA,19184,United States,40.0018,-75.1179,215-635-7268
1229,3f89a3ff-c8c5-4de0-ba8e-2f234d5802a3,Lexine McRinn,Lexine,McRinn,1114,Financial Advisor,900 Warner Pass,Salt Lake City,UT,84120,United States,40.695,-112.0001,801-613-1439
1230,a4c01bdc-1478-4663-8c50-93b3de6203a4,Roma Brumble,Roma,Brumble,1055,Human Resources Assistant I,22 Holmberg Park,Schenectady,NY,12305,United States,42.8161,-73.9398,518-527-9500
1231,4598e308-c5cb-4e2c-9d66-8f9a72f6048c,Gale Fellis,Gale,Fellis,1018,Research Nurse,8090 Forster Terrace,Jackson,MS,39210,United States,32.3218,-90.1771,601-271-5804
1232,f517ee22-a48b-4342-8256-9b5cd4e93251,Chiquia Klouz,Chiquia,Klouz,1100,Account Representative II,1633 Gateway Road,Bronx,NY,10464,United States,40.8469,-73.7874,917-291-6176
1233,15058cb1-a687-41dc-8e11-31652f41e680,Gnni Catt,Gnni,Catt,1038,Financial Advisor,5517 Merrick Center,San Francisco,CA,94121,United States,37.7786,-122.4892,858-625-1112
1234,b2c9401c-d045-4619-a2c8-d4a16aa68edd,Darius Britnell,Darius,Britnell,1071,Web Designer III,036 Ruskin Alley,Fort Worth,TX,76110,United States,32.7065,-97.3375,682-211-7785
1235,6487f29a-3196-401c-bf44-89a0409b7d84,Alejoa Leithgoe,Alejoa,Leithgoe,1015,Health Coach I,033 Oak Place,Pomona,CA,91797,United States,33.7866,-118.2987,909-855-8530
1236,82fc2413-3e07-4228-8d03-2f3928cb4f25,Bernetta Buckthought,Bernetta,Buckthought,1006,Civil Engineer,4 Pleasure Hill,Oakland,CA,94622,United States,37.799,-122.2337,510-822-5344
1237,f2376f45-25b5-49db-b71c-7ee440eae3e9,Jo Currer,Jo,Currer,1140,Database Administrator IV,8 Southridge Point,Gainesville,GA,30506,United States,34.3562,-83.8882,678-946-1642
1238,b73f16a3-56dc-4483-a109-816471f2d800,Clint Ambrogio,Clint,Ambrogio,1095,Research Nurse,91232 Kenwood Alley,Amarillo,TX,79176,United States,35.1885,-101.8165,806-735-3238
1239,cc224c8f-57a2-4116-bf63-c246a24d9198,Hatti Rex,Hatti,Rex,1101,Compensation Analyst,4 Loftsgordon Pass,Akron,OH,44305,United States,41.076,-81.4644,330-382-4249
1240,17248db8-ec00-4934-bf2b-36157c3f4515,Elane Kimpton,Elane,Kimpton,1145,Legal Assistant,7 Veith Place,New York City,NY,10260,United States,40.7808,-73.9772,212-510-5071
1241,19a8ac8f-9994-450f-9267-37508c558be9,Morly Brockie,Morly,Brockie,1069,Account Representative II,1806 Dorton Circle,Richmond,VA,23277,United States,37.5535,-77.4604,804-677-3545
1242,03c2a2d2-3250-4e98-acef-a2cb4058e190,Jere Sazio,Jere,Sazio,1056,Senior Financial Analyst,91 Rieder Center,Richmond,CA,94807,United States,37.7772,-121.9554,510-841-3145
1243,540b3ffd-a715-4fc0-937a-7eeccc1d5da8,Ricardo Tanzig,Ricardo,Tanzig,1101,Environmental Tech,3 Lukken Junction,Philadelphia,PA,19109,United States,39.9496,-75.1637,267-194-0710
1244,90e64e50-e9ff-4f94-a873-452755ffb81f,Clementia Dable,Clementia,Dable,1052,Developer I,4643 Duke Parkway,Sacramento,CA,95833,United States,38.6157,-121.5053,916-551-3538
1245,3c2fd432-4faf-40fe-a37a-5bb1f4dd2f6d,Leroi Eastby,Leroi,Eastby,1070,Senior Editor,9 Lillian Parkway,Midland,TX,79705,United States,32.0295,-102.0915,432-264-2647
1246,62448b78-b010-4421-b920-93e03b7dc996,Lena Blaksland,Lena,Blaksland,1011,Recruiter,400 Roxbury Alley,Santa Ana,CA,92705,United States,33.754,-117.7919,213-737-8053
1247,cef34484-1dde-46ad-9a17-9c792161922f,Joletta Reeve,Joletta,Reeve,1108,Social Worker,2980 Kennedy Parkway,Greensboro,NC,27404,United States,36.0807,-80.0244,336-350-8351
1248,1a292bc7-ecc1-4f47-bac0-523be7bef596,Lorianne Alwen,Lorianne,Alwen,1028,Research Assistant III,9094 Alpine Point,San Antonio,TX,78235,United States,29.3494,-98.4422,210-183-2143
1249,ce6b2c56-ac28-4abd-b4ad-b48f525cda44,Delainey Gristwood,Delainey,Gristwood,1026,Senior Editor,40335 Lakeland Lane,San Francisco,CA,94116,United States,37.7441,-122.4863,415-606-0743
1250,d30a5305-b4d5-4b81-b0a2-ad5f17e88545,Yard Hymer,Yard,Hymer,1030,Data Coordiator,2 Granby Terrace,Midland,TX,79705,United States,32.0295,-102.0915,432-158-0971
1251,ca195c99-844e-4f0a-b754-5110bc8a9dcf,Don Prue,Don,Prue,1052,Occupational Therapist,47 Hudson Avenue,El Paso,TX,79989,United States,31.6948,-106.3,915-858-0014
1252,70ae7e7b-e440-4027-8e17-e25e85473cdc,Claude Deyenhardt,Claude,Deyenhardt,1083,Paralegal,45 Hollow Ridge Avenue,Austin,TX,78769,United States,30.3264,-97.7713,512-555-0686
1253,4c8b3126-cd76-4c42-b444-1a9e0de81e8e,Bambi Cawthry,Bambi,Cawthry,1003,Engineer IV,5169 Holmberg Lane,Fort Worth,TX,76198,United States,32.7714,-97.2915,682-722-8298
1254,b9a839b0-e0ce-4045-ba61-ff0ee7d7ca6f,Nelle Gorthy,Nelle,Gorthy,1089,Nurse Practicioner,758 Lotheville Lane,Philadelphia,PA,19093,United States,40.0018,-75.1179,215-852-3484
1255,6f3165bb-ad5f-4c67-ba3a-ccd2635be9c5,Sherri Giotto,Sherri,Giotto,1023,Mechanical Systems Engineer,6724 Spenser Street,Salt Lake City,UT,84120,United States,40.695,-112.0001,801-869-1276
1256,829df2ea-fdf9-4a0f-a096-5164b85a0294,Licha Butters,Licha,Butters,1010,Marketing Assistant,25294 Prairie Rose Center,Louisville,KY,40256,United States,38.189,-85.6768,502-341-0367
1257,a3b5e884-ddbb-4a34-ab8b-572dca074bba,Linoel Stiles,Linoel,Stiles,1051,Nurse Practicioner,41470 Emmet Point,Nashville,TN,37220,United States,36.0641,-86.7697,615-888-2444
1258,bc134b41-667f-4949-a98b-66cad9b4f3bc,Pamelina Errett,Pamelina,Errett,1049,Staff Accountant II,7 Talmadge Hill,Boston,MA,2203,United States,42.3615,-71.0604,617-371-3067
1259,fdea5c32-5dce-4d2d-a27f-1a3ae1c2c928,Guillema Leeke,Guillema,Leeke,1039,Research Nurse,85997 New Castle Hill,Portland,ME,4109,United States,43.6783,-70.1987,207-279-4022
1260,85ad5469-58a4-4a98-a0a5-4fac2be0dd50,Sidnee Last,Sidnee,Last,1028,Data Coordiator,8 American Ash Court,Washington,DC,20425,United States,38.8933,-77.0146,202-968-4191
1261,0ceb48e1-03f0-46ff-9dea-abfef9c54c53,Dee Duffield,Dee,Duffield,1100,Electrical Engineer,695 Gina Center,Rochester,NY,14624,United States,43.1216,-77.7311,585-642-3832
1262,816be781-67ba-4a97-b442-e09a60b3a36e,Axel Hazlewood,Axel,Hazlewood,1050,Human Resources Assistant II,17604 Eastwood Hill,Gulfport,MS,39505,United States,30.4158,-89.0684,228-468-0385
1263,9326e5d0-4e07-46ed-9395-87754c9c7022,Ellery Philipps,Ellery,Philipps,1055,VP Product Management,83 Hallows Alley,Houston,TX,77234,United States,29.834,-95.4342,713-141-6800
1264,df0898fc-9399-400e-be26-8a77fdc2042a,Etan Brookwood,Etan,Brookwood,1106,Operator,888 Orin Center,Albany,NY,12222,United States,42.6853,-73.8253,518-568-3065
1265,8aece1a1-4f70-45d0-bd4f-34ae788a6cb6,Kylie Jeannon,Kylie,Jeannon,1078,Environmental Specialist,58699 Donald Junction,College Station,TX,77844,United States,30.6521,-96.341,979-533-4413
1266,41c0c173-8b99-475a-9e5d-59a5d2e13eb0,Eziechiele Cutriss,Eziechiele,Cutriss,1123,Senior Editor,7 Kim Crossing,El Paso,TX,79984,United States,31.6948,-106.3,915-115-0696
1267,7bff141e-8935-4c64-8c78-9687c7777138,Nat Dewhurst,Nat,Dewhurst,1085,Media Manager II,35 Orin Lane,Waltham,MA,2453,United States,42.3654,-71.2316,774-944-4325
1268,2ea6436e-9be4-4080-a3ea-97a2eb66533d,Brandi Gerrit,Brandi,Gerrit,1117,Account Representative II,6 Bartelt Trail,Louisville,KY,40280,United States,38.2467,-85.6853,502-981-3302
1269,f78120c7-e79d-4993-aa5a-ca6e7d2d0626,Bunny Rannigan,Bunny,Rannigan,1028,Technical Writer,37302 Eggendart Street,Winston Salem,NC,27105,United States,36.144,-80.2376,336-662-2863
1270,051a8c67-234c-476a-ac42-ff0ae1b033c9,Shandie Castelot,Shandie,Castelot,1018,Payment Adjustment Coordinator,128 Sunnyside Trail,Seattle,WA,98133,United States,47.7377,-122.3431,206-584-0993
1271,b224ae85-ba98-4ada-9f04-31c59bb0f793,Franky Betke,Franky,Betke,1145,Financial Analyst,7604 Lindbergh Circle,Pueblo,CO,81015,United States,38.1286,-104.5523,719-779-6681
1272,0a8a9244-04bd-449e-bf28-7e99475cfacc,Horatio Hathaway,Horatio,Hathaway,1001,Senior Cost Accountant,8 Meadow Ridge Terrace,San Antonio,TX,78291,United States,29.4375,-98.4616,210-576-7086
1273,111e0066-ba8a-42ac-b50f-893a0b17506a,Sergei Cerman,Sergei,Cerman,1130,Administrative Officer,55 Kensington Parkway,Bismarck,ND,58505,United States,46.8165,-100.7805,701-388-1323
1274,c545abee-0aec-478e-89d4-5210c1db6c3f,Corrie Gilardi,Corrie,Gilardi,1141,Sales Representative,596 Northport Drive,Gatesville,TX,76598,United States,31.3902,-97.7993,254-306-5793
1275,ba350ac5-8711-48b6-98bd-3b52739a2f16,Reinwald Imason,Reinwald,Imason,1037,Marketing Assistant,856 Eagan Place,Naples,FL,34108,United States,26.2416,-81.8071,941-856-6060
1276,d1d2b5b6-b27d-4350-9b53-daf276307309,Harli Wiggans,Harli,Wiggans,1065,Biostatistician IV,05 Golf View Avenue,Salt Lake City,UT,84170,United States,40.6681,-111.9083,801-737-3038
1277,5ea3cdba-8bfa-4b1e-b103-4c61fa22a37b,Talbert Blanning,Talbert,Blanning,1040,Health Coach II,2 Sunbrook Plaza,San Bernardino,CA,92405,United States,34.1446,-117.3013,909-590-7528
1278,5f33fcc0-7917-4903-be30-440c9e45520c,Miranda Gallant,Miranda,Gallant,1045,Software Test Engineer II,4 Lerdahl Center,Denton,TX,76205,United States,33.1903,-97.1282,682-105-9569
1279,a0dbf479-21e6-480d-b2b9-b9033e2b153a,Isa Reilly,Isa,Reilly,1080,Legal Assistant,10893 Thierer Street,New York City,NY,10090,United States,40.7808,-73.9772,212-995-5476
1280,5457528f-766e-4f16-9b80-44dc1992fd7d,Jaymie Walters,Jaymie,Walters,1016,Senior Cost Accountant,82 Schiller Road,New York City,NY,10029,United States,40.7918,-73.9448,646-707-4358
1281,1c393f86-0135-4c8c-b44d-ff2e7cc88ccb,Yettie Holywell,Yettie,Holywell,1102,Actuary,469 Sauthoff Drive,Sarasota,FL,34238,United States,27.2427,-82.4751,941-951-4678
1282,22855768-84fb-4b13-8bc0-86fa22929299,Karlee Lewsie,Karlee,Lewsie,1053,Environmental Tech,4173 La Follette Lane,San Antonio,TX,78235,United States,29.3494,-98.4422,210-378-4219
1283,b61fef0d-5ed6-4fdc-a347-89b9f7cd9e86,Reba Misselbrook,Reba,Misselbrook,1119,Recruiter,71 Esker Trail,Columbia,SC,29208,United States,33.9937,-81.0199,803-623-9708
1284,b00c2188-75c1-4e44-b833-807b67c29929,Agustin Waghorne,Agustin,Waghorne,1113,Automation Specialist II,48362 Glendale Circle,Inglewood,CA,90398,United States,33.7866,-118.2987,310-243-2072
1285,7b1ffc9b-e873-4b62-8df2-a60b407e65f3,Reena Olyfant,Reena,Olyfant,1000,Help Desk Operator,28121 Menomonie Drive,Spokane,WA,99215,United States,47.6536,-117.4317,509-993-7745
1286,9fbf2d43-2ab4-4863-90ec-fd1741c122e0,Kit Burdge,Kit,Burdge,1037,VP Marketing,65 Shasta Parkway,Albany,NY,12242,United States,42.6149,-73.9708,518-636-6145
1287,1550fd73-0f04-4440-a983-88baedd58d34,Hortensia McCandie,Hortensia,McCandie,1068,Senior Cost Accountant,66698 Lien Street,Orlando,FL,32819,United States,28.4522,-81.4678,941-418-3980
1288,e4cf2aa7-718a-45d2-99bc-53aaab4e2ec6,Brietta Griffen,Brietta,Griffen,1041,Librarian,3 Sauthoff Way,Portland,OR,97296,United States,45.5806,-122.3748,503-744-8743
1289,4b100d5f-0acb-49be-ba52-b3ad7e19af40,Norris Kane,Norris,Kane,1135,Quality Engineer,125 Moose Way,Raleigh,NC,27621,United States,35.7977,-78.6253,919-421-3280
1290,7a2832bd-94b5-4fa5-8f9a-6cb4e4dc370c,Anette Brinsford,Anette,Brinsford,1066,Chemical Engineer,17 Badeau Alley,Chattanooga,TN,37450,United States,35.2211,-85.2091,423-347-4042
1291,d436ec73-6774-428f-9e12-cb1cfa59b4c4,Susie Pykett,Susie,Pykett,1082,Research Associate,004 Paget Drive,Phoenix,AZ,85030,United States,33.2765,-112.1872,602-724-9795
1292,19c72f38-074e-40e5-a81c-011df9c16385,Jehu Walford,Jehu,Walford,1098,Human Resources Assistant II,94054 Westend Avenue,Minneapolis,MN,55458,United States,45.0159,-93.4719,612-230-2769
1293,fb4b0eed-a645-4060-b5ce-4cbf5eb86fe3,Jacinta McIlwaine,Jacinta,McIlwaine,1137,Quality Engineer,494 Troy Park,Oakland,CA,94605,United States,37.7641,-122.1633,510-651-5779
1294,eebd6c4a-63cb-47e1-acf0-b66a218c8834,Jemimah Velte,Jemimah,Velte,1021,Chemical Engineer,42074 Lunder Street,Lansing,MI,48901,United States,42.5992,-84.372,517-300-5355
1295,2aabee5e-525d-48bc-a9a5-631ae9d95ac9,Jodie Watmough,Jodie,Watmough,1124,Executive Secretary,99378 Towne Hill,Troy,MI,48098,United States,42.5991,-83.1789,248-128-6823
1296,efd0cf81-d4e9-4fca-aecc-521470ac6f20,Winona Bridell,Winona,Bridell,1027,Community Outreach Specialist,814 Tennessee Way,Jersey City,NJ,7310,United States,40.7324,-74.0431,551-630-6108
1297,f3cc9097-607c-4b12-8e5c-7efe9ba0a8a2,Cosette Klimashevich,Cosette,Klimashevich,1105,Automation Specialist I,4 Jay Place,Hyattsville,MD,20784,United States,38.9513,-76.8958,301-707-1692
1298,69d8b966-dd60-43d3-ba0a-3b9c685f0822,Dallon Ganter,Dallon,Ganter,1100,Senior Cost Accountant,3141 Kim Center,Fresno,CA,93721,United States,36.7377,-119.7843,209-330-2821
1299,ac437b3c-98d1-4339-8f44-726448bdfaa7,Prentiss Vince,Prentiss,Vince,1104,Teacher,1 6th Terrace,Dallas,TX,75342,United States,32.7673,-96.7776,214-353-0849
